timestamp;dl_rssi;dl_snr;dl_mcs;dl_throughput;dl_pkts;dl_kbits;ul_rssi;ul_snr;ul_mcs;ul_throughput;ul_pkts;ul_kbits;mode
2026-05-07T00:02:39-05:00;-77;20;105;0.53;172;161;-80;20;105;0.38;191;115;sm
2026-05-07T00:07:40-05:00;-77;20;105;0.52;180;156;-78;20;104;0.42;214;125;sm
2026-05-07T00:12:42-05:00;-77;20;105;1.04;220;313;-77;21;104;0.37;190;110;sm
2026-05-07T00:17:42-05:00;-77;20;105;0.55;192;167;-80;20;104;0.38;185;113;sm
2026-05-07T00:22:43-05:00;-77;20;105;0.53;174;158;-81;19;104;0.39;200;117;sm
2026-05-07T00:27:45-05:00;-77;20;105;0.54;181;164;-80;20;104;0.39;202;118;sm
2026-05-07T00:32:46-05:00;-77;20;105;0.49;162;147;-79;21;104;0.36;187;109;sm
2026-05-07T00:37:48-05:00;-77;20;105;0.48;167;145;-78;20;104;0.39;204;118;sm
2026-05-07T00:42:48-05:00;-77;20;104;0.96;186;289;-78;20;105;0.36;183;107;sm
2026-05-07T00:47:49-05:00;-77;20;105;0.62;215;188;-80;19;105;0.38;195;113;sm
2026-05-07T00:52:52-05:00;-77;20;105;0.52;169;156;-80;20;104;0.38;189;115;sm
2026-05-07T00:57:53-05:00;-77;20;105;0.54;195;164;-80;20;105;0.37;189;110;sm
2026-05-07T01:02:52-05:00;-77;20;105;0.55;195;164;-80;20;105;0.4;205;121;sm
2026-05-07T01:07:53-05:00;-77;20;106;0.54;190;162;-82;18;104;0.38;194;114;sm
2026-05-07T01:12:09-05:00;;;;;;;;;;;;;sm
2026-05-07T01:17:55-05:00;-77;20;104;;;;-78;20;104;;;;sm
2026-05-07T01:22:55-05:00;-77;20;105;0.56;198;169;-80;20;104;0.35;184;106;sm
2026-05-07T01:27:56-05:00;-77;20;105;0.74;299;223;-80;20;104;0.38;194;114;sm
2026-05-07T01:32:56-05:00;-77;20;105;0.6;203;181;-78;20;105;0.38;185;113;sm
2026-05-07T01:37:58-05:00;-77;20;105;0.71;278;213;-80;20;104;0.39;207;119;sm
2026-05-07T01:43:00-05:00;-77;20;105;0.47;167;141;-80;20;104;0.35;181;104;sm
2026-05-07T01:48:02-05:00;-76;20;105;0.49;163;147;-79;21;105;0.37;193;112;sm
2026-05-07T01:53:03-05:00;-76;20;105;0.53;179;158;-78;20;105;0.36;185;108;sm
2026-05-07T01:58:03-05:00;-76;20;105;0.69;249;208;-80;20;104;0.39;196;118;sm
2026-05-07T02:03:07-05:00;-76;20;105;0.54;183;164;-79;21;105;0.37;193;113;sm
2026-05-07T02:08:09-05:00;-76;20;105;0.62;210;187;-80;20;105;0.38;189;113;sm
2026-05-07T02:13:09-05:00;-76;20;104;0.46;159;137;-78;20;105;0.38;190;115;sm
2026-05-07T02:18:10-05:00;-76;20;105;0.61;218;185;-80;20;105;0.37;189;111;sm
2026-05-07T02:23:10-05:00;-76;20;104;0.48;163;145;-79;19;105;0.35;182;105;sm
2026-05-07T02:28:10-05:00;-76;20;105;0.58;199;175;-80;20;105;0.39;198;117;sm
2026-05-07T02:33:11-05:00;-76;20;105;0.51;174;153;-79;21;104;0.37;192;110;sm
2026-05-07T02:38:12-05:00;-76;20;106;0.5;168;152;-79;21;104;0.37;192;111;sm
2026-05-07T02:43:15-05:00;-76;20;106;0.67;242;202;-78;20;105;0.36;184;107;sm
2026-05-07T02:48:17-05:00;-76;20;105;0.78;335;236;-80;20;105;0.4;204;120;sm
2026-05-07T02:53:17-05:00;-76;20;105;0.47;163;143;-79;21;105;0.36;180;107;sm
2026-05-07T02:58:19-05:00;-76;20;105;0.52;165;157;-80;20;105;0.4;199;119;sm
2026-05-07T03:03:19-05:00;-76;20;105;0.52;170;157;-80;20;104;0.39;198;118;sm
2026-05-07T03:08:21-05:00;-76;20;104;0.48;162;145;-80;20;105;0.45;206;137;sm
2026-05-07T03:13:22-05:00;-76;20;105;0.53;162;159;-78;20;105;0.39;191;116;sm
2026-05-07T03:18:23-05:00;-76;20;105;0.49;168;147;-79;21;104;0.39;200;118;sm
2026-05-07T03:23:24-05:00;-76;20;105;0.49;167;149;-80;20;104;0.39;196;118;sm
2026-05-07T03:28:29-05:00;-76;20;106;0.51;182;155;-78;20;104;0.4;205;122;sm
2026-05-07T03:33:29-05:00;-76;20;105;0.5;162;149;-80;20;104;0.35;182;104;sm
2026-05-07T03:38:29-05:00;-76;20;105;0.5;169;150;-80;20;102;0.38;195;114;sm
2026-05-07T03:43:30-05:00;-76;20;104;0.5;173;150;-78;20;105;0.46;220;137;sm
2026-05-07T03:48:31-05:00;-76;20;105;0.47;151;141;-79;21;104;0.35;181;105;sm
2026-05-07T03:53:33-05:00;-76;20;106;0.52;181;158;-81;19;103;0.42;209;128;sm
2026-05-07T03:58:33-05:00;-77;19;106;0.5;169;152;-80;20;104;0.38;195;113;sm
2026-05-07T04:03:36-05:00;-77;19;104;0.52;173;156;-78;20;104;0.39;202;118;sm
2026-05-07T04:08:35-05:00;-77;19;105;0.48;160;144;-80;20;104;0.37;192;111;sm
2026-05-07T04:13:36-05:00;-77;19;105;0.45;144;136;-79;21;105;0.34;174;103;sm
2026-05-07T04:18:39-05:00;-77;19;104;0.52;175;158;-78;20;104;0.41;208;124;sm
2026-05-07T04:23:39-05:00;-77;19;105;0.46;144;140;-78;20;104;0.34;169;102;sm
2026-05-07T04:28:39-05:00;-77;19;105;0.57;186;171;-79;21;104;0.42;215;125;sm
2026-05-07T04:33:41-05:00;-77;19;104;0.48;157;145;-80;20;105;0.36;179;108;sm
2026-05-07T04:38:41-05:00;-77;19;105;0.5;173;152;-80;20;104;0.4;205;120;sm
2026-05-07T04:43:44-05:00;-77;19;105;0.48;159;146;-78;20;104;0.37;188;113;sm
2026-05-07T04:48:44-05:00;-77;19;104;0.51;155;154;-80;20;105;0.38;184;113;sm
2026-05-07T04:53:44-05:00;-77;19;105;0.48;161;145;-80;20;105;0.35;184;105;sm
2026-05-07T04:58:45-05:00;-77;19;106;0.47;170;143;-79;19;104;0.41;205;123;sm
2026-05-07T05:03:46-05:00;-77;19;105;0.52;173;158;-81;19;104;0.38;192;114;sm
2026-05-07T05:08:47-05:00;-77;19;105;0.52;185;155;-79;19;104;0.42;215;125;sm
2026-05-07T05:13:48-05:00;-77;19;105;0.51;178;155;-78;20;104;0.39;207;118;sm
2026-05-07T05:18:47-05:00;-77;19;105;0.48;161;145;-80;20;104;0.35;185;106;sm
2026-05-07T05:23:49-05:00;-77;19;105;0.49;168;149;-78;20;104;0.36;187;109;sm
2026-05-07T05:28:49-05:00;-77;19;105;0.69;237;209;-80;20;104;0.39;202;116;sm
2026-05-07T05:33:50-05:00;-77;19;105;0.89;378;270;-78;20;105;0.37;192;112;sm
2026-05-07T05:38:50-05:00;-76;20;105;0.5;170;152;-77;21;104;0.4;199;119;sm
2026-05-07T05:43:51-05:00;-76;20;104;0.54;185;163;-80;20;105;0.37;193;112;sm
2026-05-07T05:48:51-05:00;-76;20;105;0.69;262;207;-81;19;104;0.37;187;112;sm
2026-05-07T05:53:52-05:00;-78;19;105;1.03;494;310;-78;20;104;0.37;189;110;sm
2026-05-07T05:58:54-05:00;-78;19;104;0.91;435;273;-81;19;104;0.4;207;120;sm
2026-05-07T06:03:54-05:00;-78;19;105;0.67;274;200;-79;19;104;0.39;193;115;sm
2026-05-07T06:08:54-05:00;-78;19;105;0.59;206;178;-78;20;104;0.37;192;112;sm
2026-05-07T06:13:57-05:00;-78;19;105;0.59;216;180;-78;20;104;0.37;197;113;sm
2026-05-07T06:18:56-05:00;-78;19;105;0.84;364;253;-79;19;104;0.4;206;120;sm
2026-05-07T06:23:56-05:00;-78;19;105;0.51;173;154;-81;19;104;0.37;190;111;sm
2026-05-07T06:28:55-05:00;-78;19;105;0.54;190;160;-80;20;104;0.42;207;124;sm
2026-05-07T06:33:56-05:00;-78;19;105;0.93;455;281;-79;19;104;0.36;187;109;sm
2026-05-07T06:38:59-05:00;-78;19;104;0.93;416;283;-78;20;104;0.36;193;111;sm
2026-05-07T06:43:59-05:00;-78;19;105;0.65;266;194;-81;19;104;0.38;186;113;sm
2026-05-07T06:48:59-05:00;-78;19;104;0.52;187;156;-79;19;104;0.38;193;115;sm
2026-05-07T06:54:01-05:00;-78;19;105;0.51;176;153;-80;20;104;0.39;202;117;sm
2026-05-07T06:59:02-05:00;-78;19;104;0.48;166;146;-80;20;104;0.38;195;114;sm
2026-05-07T07:04:03-05:00;-78;19;104;0.55;179;164;-81;19;104;0.41;201;120;sm
2026-05-07T07:09:03-05:00;-78;19;105;0.52;173;159;-80;20;103;0.36;187;110;sm
2026-05-07T07:14:05-05:00;-78;19;104;0.52;186;156;-80;20;105;0.37;192;112;sm
2026-05-07T07:19:06-05:00;-78;19;105;0.72;226;215;-81;19;104;0.36;185;108;sm
2026-05-07T07:24:07-05:00;-78;19;105;0.56;196;169;-80;20;104;0.38;200;115;sm
2026-05-07T07:29:08-05:00;-78;19;105;0.79;329;238;-81;19;104;0.4;194;119;sm
2026-05-07T07:34:09-05:00;-78;19;103;1.45;375;436;-79;19;105;0.37;191;110;sm
2026-05-07T07:39:10-05:00;-78;19;105;1.47;419;439;-80;20;105;0.39;202;117;sm
2026-05-07T07:44:10-05:00;-78;19;104;0.71;290;212;-80;20;103;0.38;189;113;sm
2026-05-07T07:49:13-05:00;-78;19;105;0.59;213;177;-80;20;105;0.38;183;114;sm
2026-05-07T07:54:15-05:00;-76;20;105;1.01;456;303;-80;20;104;0.37;191;110;sm
2026-05-07T07:59:16-05:00;-76;20;104;0.96;444;288;-81;19;104;0.4;197;119;sm
2026-05-07T08:04:18-05:00;-76;20;106;0.62;237;187;-80;20;104;0.4;202;119;sm
2026-05-07T08:09:18-05:00;-76;20;105;0.55;195;165;-79;19;104;0.33;178;101;sm
2026-05-07T08:14:20-05:00;-76;20;105;0.49;159;147;-81;19;104;0.36;188;108;sm
2026-05-07T08:19:21-05:00;-76;20;106;0.55;194;164;-80;20;105;0.48;218;143;sm
2026-05-07T08:24:23-05:00;-76;20;105;0.42;142;126;-80;20;105;0.32;168;95;sm
2026-05-07T08:29:24-05:00;-76;20;105;0.52;175;158;-81;19;104;0.4;200;121;sm
2026-05-07T08:34:24-05:00;-76;20;104;0.58;177;175;-80;20;105;0.39;201;117;sm
2026-05-07T08:39:24-05:00;-76;20;104;0.53;185;159;-80;20;104;0.4;204;120;sm
2026-05-07T08:44:26-05:00;-76;20;105;0.97;240;292;-81;19;105;0.37;186;111;sm
2026-05-07T08:49:27-05:00;-76;20;105;1.73;348;524;-80;20;104;0.34;178;102;sm
2026-05-07T08:54:27-05:00;-76;20;105;0.77;276;232;-81;19;104;0.37;190;110;sm
2026-05-07T08:59:27-05:00;-76;20;105;0.71;231;214;-81;19;105;0.41;209;123;sm
2026-05-07T09:04:29-05:00;-76;20;104;0.64;222;191;-79;21;104;0.35;182;106;sm
2026-05-07T09:09:30-05:00;-76;20;105;0.49;161;148;-80;20;105;0.36;181;107;sm
2026-05-07T09:14:31-05:00;-76;20;105;0.55;197;166;-81;19;103;0.4;204;119;sm
2026-05-07T09:19:32-05:00;-76;20;105;0.54;188;162;-80;20;104;0.39;200;117;sm
2026-05-07T09:24:33-05:00;-76;20;105;0.62;213;187;-80;20;104;0.38;186;113;sm
2026-05-07T09:29:35-05:00;-76;20;105;0.62;215;188;-80;20;203;0.4;201;121;sm
2026-05-07T09:34:35-05:00;-76;20;105;0.58;212;173;-78;20;104;0.37;190;112;sm
2026-05-07T09:39:37-05:00;-76;20;104;0.54;176;164;-78;20;104;0.4;204;120;sm
2026-05-07T09:44:38-05:00;-76;20;104;0.49;167;146;-81;19;104;0.38;192;113;sm
2026-05-07T09:49:39-05:00;-76;20;104;0.48;170;145;-78;20;104;0.38;199;116;sm
2026-05-07T09:54:40-05:00;-76;20;104;0.47;159;141;-80;20;104;0.37;191;111;sm
2026-05-07T09:59:41-05:00;-76;20;105;0.53;180;161;-78;20;104;0.39;200;116;sm
2026-05-07T10:04:42-05:00;-76;20;105;0.47;159;140;-78;20;105;0.38;190;114;sm
2026-05-07T10:09:43-05:00;-76;20;104;0.52;172;155;-79;19;104;0.39;197;117;sm
2026-05-07T10:14:44-05:00;-76;20;105;0.51;173;154;-79;19;104;0.39;201;118;sm
2026-05-07T10:19:56-05:00;-76;20;105;0.47;161;143;-79;21;104;0.37;191;111;sm
2026-05-07T10:24:46-05:00;-76;20;105;0.49;163;146;-80;20;105;0.39;198;116;sm
2026-05-07T10:29:47-05:00;-76;20;105;0.43;154;128;-77;21;105;0.36;185;108;sm
2026-05-07T10:34:48-05:00;-76;20;105;0.52;177;157;-78;20;105;0.41;210;122;sm
2026-05-07T10:39:48-05:00;-76;20;104;0.46;150;137;-80;20;105;0.34;174;103;sm
2026-05-07T10:44:48-05:00;-76;20;105;0.51;172;153;-81;19;104;0.39;202;118;sm
2026-05-07T10:49:49-05:00;-78;20;106;0.6;187;181;-80;20;103;0.43;210;128;sm
2026-05-07T10:54:51-05:00;-78;20;104;1.09;232;327;-80;20;104;0.37;191;111;sm
2026-05-07T10:59:51-05:00;-78;20;105;1.29;221;387;-80;20;104;0.39;202;116;sm
2026-05-07T11:04:52-05:00;-78;20;103;1.48;312;444;-80;20;104;0.35;183;106;sm
2026-05-07T11:09:53-05:00;-78;20;105;0.96;425;288;-79;21;105;0.37;193;111;sm
2026-05-07T11:14:54-05:00;-78;20;105;0.53;172;159;-80;20;104;0.4;203;119;sm
2026-05-07T11:19:55-05:00;-78;20;104;0.45;154;135;-80;20;104;0.36;186;108;sm
2026-05-07T11:24:56-05:00;-78;20;105;0.49;163;146;-80;20;104;0.37;190;110;sm
2026-05-07T11:29:57-05:00;-78;20;104;0.54;174;162;-78;20;104;0.38;201;115;sm
2026-05-07T11:34:58-05:00;-78;20;105;0.47;161;142;-80;20;105;0.37;192;112;sm
2026-05-07T11:39:58-05:00;-78;20;104;0.46;158;140;-81;19;203;0.36;186;108;sm
2026-05-07T11:44:42-05:00;-78;20;105;0.53;178;159;;;104;0.41;205;124;sm
2026-05-07T11:49:43-05:00;-78;20;104;0.5;164;149;-80;20;105;0.35;186;106;sm
2026-05-07T11:54:44-05:00;-78;20;105;0.46;153;138;-78;20;104;0.37;181;111;sm
2026-05-07T11:59:46-05:00;-78;20;105;0.53;175;161;-80;20;105;0.4;204;122;sm
2026-05-07T12:04:47-05:00;-78;20;105;0.5;170;151;-78;20;105;0.38;195;114;sm
2026-05-07T12:09:49-05:00;-78;20;105;1.09;227;330;-80;20;105;0.34;180;104;sm
2026-05-07T12:14:50-05:00;-78;20;104;0.94;185;284;-79;21;104;0.37;190;110;sm
2026-05-07T12:19:51-05:00;-78;20;105;0.47;157;142;-79;21;104;0.36;187;108;sm
2026-05-07T12:24:52-05:00;-78;20;106;1.21;231;364;-79;19;104;0.44;218;133;sm
2026-05-07T12:29:53-05:00;-78;20;105;0.61;164;184;-80;20;206;0.36;192;109;sm
2026-05-07T12:34:53-05:00;-78;20;104;0.52;173;155;-80;20;105;0.39;196;116;sm
2026-05-07T12:39:54-05:00;-78;20;105;1.09;192;327;-79;19;104;0.33;173;98;sm
2026-05-07T12:44:54-05:00;-78;20;105;0.49;165;148;-80;20;105;0.37;191;110;sm
2026-05-07T12:49:56-05:00;-78;20;105;0.99;196;298;-80;20;105;0.37;194;113;sm
2026-05-07T12:54:57-05:00;-78;20;105;0.47;162;141;-80;20;105;0.38;193;113;sm
2026-05-07T12:59:59-05:00;-78;20;105;2.08;301;629;-80;20;104;0.67;289;203;sm
2026-05-07T13:00:25-05:00;;;;;;;-80;20;;;;;sm
2026-05-07T13:05:16-05:00;-78;20;104;0.53;191;161;-78;20;104;0.42;216;126;sm
2026-05-07T13:10:17-05:00;-78;20;104;0.95;199;285;-80;19;104;0.38;207;115;sm
2026-05-07T13:15:18-05:00;-78;20;105;0.51;184;155;-80;20;104;0.4;213;121;sm
2026-05-07T13:20:19-05:00;-79;19;105;1;350;301;-81;19;104;1.02;403;306;sm
2026-05-07T13:25:20-05:00;-79;19;105;0.55;186;165;-80;20;105;0.41;208;122;sm
2026-05-07T13:30:20-05:00;-79;19;105;0.78;213;234;-78;20;105;0.43;219;130;sm
2026-05-07T13:35:22-05:00;-79;19;104;0.72;194;218;-78;20;104;0.52;213;158;sm
2026-05-07T13:40:23-05:00;-79;19;105;1.01;197;303;-80;20;104;0.39;203;116;sm
2026-05-07T13:45:24-05:00;-79;19;104;2.06;294;620;-80;20;104;0.37;192;111;sm
2026-05-07T13:50:25-05:00;-79;19;104;1.09;464;327;-79;21;104;0.35;182;105;sm
2026-05-07T13:55:26-05:00;-79;19;105;1.38;304;414;-79;20;104;0.71;294;214;sm
2026-05-07T14:00:29-05:00;-79;19;105;0.54;195;162;-79;19;103;0.39;205;116;sm
2026-05-07T14:05:29-05:00;-79;19;105;0.55;199;167;-79;21;105;0.4;208;119;sm
2026-05-07T14:10:30-05:00;-79;19;105;0.56;193;170;-80;20;104;0.41;208;123;sm
2026-05-07T14:15:32-05:00;-79;19;104;0.46;166;138;-78;20;104;0.38;195;115;sm
2026-05-07T14:20:33-05:00;-79;19;104;0.52;186;158;-77;21;104;0.36;194;109;sm
2026-05-07T14:25:34-05:00;-79;19;105;0.7;246;212;-78;20;104;0.39;214;119;sm
2026-05-07T14:30:36-05:00;-79;19;104;0.49;167;146;-80;20;104;0.35;185;105;sm
2026-05-07T14:35:37-05:00;-79;19;105;0.56;198;169;-77;21;106;0.39;200;118;sm
2026-05-07T14:40:38-05:00;-79;19;104;0.55;194;166;-80;20;104;0.39;202;116;sm
2026-05-07T14:45:39-05:00;-79;19;104;0.53;186;159;-78;20;104;0.38;196;114;sm
2026-05-07T14:50:40-05:00;-79;19;105;0.56;189;169;-79;19;103;0.42;217;126;sm
2026-05-07T14:55:41-05:00;-79;19;104;0.51;176;152;-81;19;104;0.36;190;107;sm
2026-05-07T15:00:42-05:00;-79;19;104;0.55;181;166;-78;20;104;0.39;200;116;sm
2026-05-07T15:05:43-05:00;-79;19;105;0.52;176;156;-80;20;104;0.37;196;112;sm
2026-05-07T15:10:44-05:00;-79;19;104;0.5;175;149;-81;19;104;0.37;201;111;sm
2026-05-07T15:15:45-05:00;-79;19;105;0.53;187;160;-80;20;103;0.4;211;122;sm
2026-05-07T15:20:46-05:00;-79;19;103;0.58;186;173;-80;20;104;0.4;208;119;sm
2026-05-07T15:25:46-05:00;-79;19;103;0.51;179;152;-81;19;103;0.4;207;119;sm
2026-05-07T15:30:48-05:00;-79;19;105;0.52;182;156;-79;19;104;0.39;203;117;sm
2026-05-07T15:35:49-05:00;-79;19;105;0.49;175;146;-79;20;104;0.39;210;118;sm
2026-05-07T15:40:50-05:00;-79;19;104;0.49;171;148;-81;19;104;0.37;195;111;sm
2026-05-07T15:45:52-05:00;-79;19;106;0.51;185;155;-80;20;105;0.41;217;122;sm
2026-05-07T15:50:53-05:00;-79;19;104;0.58;195;175;-78;20;103;0.38;199;116;sm
2026-05-07T15:55:56-05:00;-79;19;104;0.55;190;167;-79;19;104;0.4;221;122;sm
2026-05-07T16:00:57-05:00;-79;19;105;0.5;181;151;-80;20;104;0.39;205;116;sm
2026-05-07T16:05:58-05:00;-79;19;104;0.48;171;146;-81;19;104;0.38;190;114;sm
2026-05-07T16:10:59-05:00;-79;19;105;0.47;172;142;-81;19;104;0.37;197;111;sm
2026-05-07T16:16:00-05:00;-79;19;105;0.51;181;154;-78;20;103;0.38;202;115;sm
2026-05-07T16:21:01-05:00;-79;19;104;0.51;176;154;-78;20;104;0.38;199;116;sm
2026-05-07T16:26:01-05:00;-79;19;103;0.52;185;158;-79;19;104;0.38;203;115;sm
2026-05-07T16:31:01-05:00;-79;19;105;0.49;172;148;-81;19;104;0.38;193;113;sm
2026-05-07T16:36:01-05:00;-79;19;106;0.5;176;150;-80;20;102;0.39;203;116;sm
2026-05-07T16:41:02-05:00;-78;20;104;0.47;162;141;-81;19;105;0.37;191;112;sm
2026-05-07T16:46:03-05:00;-78;20;104;0.49;171;147;-80;20;103;0.38;199;114;sm
2026-05-07T16:51:04-05:00;-78;20;105;0.48;171;145;-80;20;104;0.37;190;112;sm
2026-05-07T16:56:05-05:00;-78;20;105;0.51;185;155;-79;19;105;0.4;211;120;sm
2026-05-07T17:01:06-05:00;-78;20;105;0.49;173;148;-78;20;103;0.36;193;109;sm
2026-05-07T17:06:08-05:00;-78;20;105;0.49;176;147;-80;20;103;0.38;199;114;sm
2026-05-07T17:11:09-05:00;-78;20;104;0.49;177;148;-81;19;105;0.39;206;117;sm
2026-05-07T17:16:10-05:00;-78;20;106;0.55;197;166;-81;19;105;0.42;219;125;sm
2026-05-07T17:21:11-05:00;-78;20;105;0.58;209;176;-80;20;104;0.35;190;104;sm
2026-05-07T17:26:11-05:00;-78;20;104;0.92;277;278;-80;20;104;0.42;219;125;sm
2026-05-07T17:31:13-05:00;-78;20;106;0.89;357;267;-80;20;104;0.37;196;112;sm
2026-05-07T17:36:14-05:00;-78;20;105;1.24;431;374;-78;20;104;0.37;195;110;sm
2026-05-07T17:41:16-05:00;-78;20;106;0.65;238;197;-78;20;104;0.41;213;122;sm
2026-05-07T17:46:17-05:00;-78;20;102;0.7;246;212;-80;20;104;0.35;190;106;sm
2026-05-07T17:51:18-05:00;-78;20;104;1.66;353;499;-80;20;105;0.86;318;257;sm
2026-05-07T17:56:19-05:00;-78;20;105;0.53;187;160;-78;20;104;0.36;192;110;sm
2026-05-07T18:01:21-05:00;-78;20;105;0.48;168;146;-78;20;104;0.33;174;100;sm
2026-05-07T18:06:23-05:00;-78;20;105;0.52;170;156;-78;20;104;0.37;192;110;sm
2026-05-07T18:11:24-05:00;-78;20;106;0.52;188;156;-80;20;105;0.38;195;114;sm
2026-05-07T18:16:25-05:00;-78;20;106;0.47;155;141;-81;19;104;0.34;178;101;sm
2026-05-07T18:21:26-05:00;-78;20;104;0.47;159;142;-80;20;104;0.36;187;107;sm
2026-05-07T18:26:27-05:00;-76;20;105;0.8;342;242;-80;20;104;0.36;188;108;sm
2026-05-07T18:31:28-05:00;-76;20;105;0.85;348;257;-80;20;104;0.34;178;102;sm
2026-05-07T18:36:29-05:00;-76;20;106;0.52;181;158;-79;19;104;0.34;179;103;sm
2026-05-07T18:41:30-05:00;-76;20;104;0.51;173;153;-80;20;103;0.34;176;102;sm
2026-05-07T18:46:31-05:00;-76;20;104;0.74;323;223;-79;19;104;0.35;184;106;sm
2026-05-07T18:51:32-05:00;-76;20;106;1.3;614;392;-78;20;104;0.33;172;98;sm
2026-05-07T18:56:33-05:00;-76;20;103;1.84;715;557;-78;20;104;0.35;186;105;sm
2026-05-07T19:01:33-05:00;-76;20;104;1.68;541;504;-78;20;103;0.7;179;211;sm
2026-05-07T19:06:34-05:00;-76;20;105;1;216;302;-80;20;104;0.33;173;99;sm
2026-05-07T19:11:35-05:00;-76;20;104;0.52;155;155;-78;20;103;0.34;183;103;sm
2026-05-07T19:16:36-05:00;-76;20;104;0.8;243;241;-78;20;105;0.33;175;100;sm
2026-05-07T19:21:37-05:00;-76;20;104;0.67;244;201;-80;20;103;0.34;180;103;sm
2026-05-07T19:26:40-05:00;-76;20;105;0.93;271;281;-80;20;105;0.34;179;103;sm
2026-05-07T19:31:41-05:00;-76;20;104;0.99;471;298;-78;20;106;0.31;160;93;sm
2026-05-07T19:36:42-05:00;-76;20;105;0.91;417;275;-80;20;105;0.36;191;109;sm
2026-05-07T19:41:43-05:00;-76;20;104;1.62;466;489;-78;20;104;0.72;300;217;sm
2026-05-07T19:46:44-05:00;-76;20;103;1.31;375;394;-79;21;102;0.38;191;113;sm
2026-05-07T19:51:45-05:00;-76;20;106;0.68;212;204;-79;21;105;0.38;199;113;sm
2026-05-07T19:56:46-05:00;-76;20;104;0.5;177;151;-78;20;103;0.37;195;110;sm
2026-05-07T20:01:47-05:00;-76;20;105;0.56;202;169;-80;20;104;0.39;207;116;sm
2026-05-07T20:06:48-05:00;-76;20;105;1.71;304;514;-78;21;102;0.36;190;108;sm
2026-05-07T20:11:49-05:00;-76;20;104;0.66;192;198;-80;20;105;0.39;210;117;sm
2026-05-07T20:16:50-05:00;-76;20;104;1.12;263;338;-78;20;104;0.39;207;117;sm
2026-05-07T20:21:51-05:00;-76;20;105;0.95;332;286;-78;20;103;0.38;202;114;sm
2026-05-07T20:26:52-05:00;-76;20;103;1.12;404;338;-79;19;104;0.39;208;117;sm
2026-05-07T20:31:53-05:00;-76;20;104;1.48;393;443;-79;19;103;0.37;196;110;sm
2026-05-07T20:36:54-05:00;-76;20;104;1.9;319;574;-79;21;104;0.4;203;121;sm
2026-05-07T20:41:55-05:00;-76;20;104;1.14;428;342;-78;20;104;0.35;185;106;sm
2026-05-07T20:46:56-05:00;-76;20;105;0.77;300;233;-79;19;103;0.38;198;113;sm
2026-05-07T20:51:57-05:00;-76;20;104;0.59;207;177;-80;20;102;0.38;204;115;sm
2026-05-07T20:56:58-05:00;-76;20;105;0.71;254;213;-80;20;102;0.41;219;123;sm
2026-05-07T21:02:00-05:00;-76;20;105;0.57;208;173;-78;20;104;0.36;193;109;sm
2026-05-07T21:07:01-05:00;-76;20;105;1.46;393;436;-79;21;104;0.37;197;111;sm
2026-05-07T21:12:02-05:00;-76;20;104;0.77;298;231;-80;20;103;0.37;199;112;sm
2026-05-07T21:17:02-05:00;-76;20;104;0.54;198;162;-74;26;101;0.38;203;116;sm
2026-05-07T21:22:03-05:00;-76;20;105;0.52;186;158;-78;20;104;0.36;189;107;sm
2026-05-07T21:27:04-05:00;-76;20;104;0.48;171;145;-78;20;104;0.41;208;123;sm
2026-05-07T21:32:05-05:00;-76;20;104;0.49;173;146;-80;18;102;0.38;198;115;sm
2026-05-07T21:37:06-05:00;-76;20;105;0.85;368;255;-77;22;103;0.39;205;117;sm
2026-05-07T21:42:07-05:00;-76;20;106;0.84;368;253;-81;19;102;0.42;225;127;sm
2026-05-07T21:47:08-05:00;-76;20;103;0.54;207;163;-81;19;104;0.37;194;111;sm
2026-05-07T21:52:09-05:00;-76;20;104;0.55;196;166;-80;20;105;0.39;207;118;sm
2026-05-07T21:57:11-05:00;-76;20;106;0.5;177;149;-80;20;106;0.37;198;111;sm
2026-05-07T22:02:12-05:00;-76;20;104;0.5;179;152;-80;20;105;0.4;208;121;sm
2026-05-07T22:07:13-05:00;-76;20;106;0.99;386;297;-80;20;104;0.4;211;120;sm
2026-05-07T22:12:14-05:00;-76;20;105;0.58;220;176;-78;20;103;0.36;198;110;sm
2026-05-07T22:17:15-05:00;-76;20;105;0.5;168;150;-80;20;103;0.37;191;111;sm
2026-05-07T22:22:15-05:00;-76;20;105;0.57;202;170;-81;19;104;0.44;224;133;sm
2026-05-07T22:27:16-05:00;-76;20;105;0.51;176;153;-78;20;102;0.4;205;120;sm
2026-05-07T22:32:17-05:00;-76;20;104;0.49;170;148;-78;20;105;0.37;197;112;sm
2026-05-07T22:37:18-05:00;-76;20;106;0.5;174;151;-80;19;104;0.39;200;117;sm
2026-05-07T22:42:20-05:00;-76;20;105;0.51;188;154;-82;18;104;0.39;209;118;sm
2026-05-07T22:47:21-05:00;-76;20;104;0.46;153;138;-78;20;104;0.4;198;119;sm
2026-05-07T22:52:21-05:00;-76;20;106;0.5;176;152;-80;20;103;0.36;193;110;sm
2026-05-07T22:57:22-05:00;-76;20;106;0.55;196;164;-81;19;104;0.42;217;125;sm
2026-05-07T23:02:23-05:00;-76;20;105;0.5;175;151;-79;19;104;0.37;197;111;sm
2026-05-07T23:07:24-05:00;-76;20;104;0.5;174;150;-80;20;105;0.39;196;116;sm
2026-05-07T23:12:26-05:00;-76;20;105;0.56;204;168;-79;19;105;0.36;190;108;sm
2026-05-07T23:17:27-05:00;-76;20;104;0.5;177;152;-79;21;104;0.4;206;119;sm
2026-05-07T23:22:28-05:00;-76;20;104;0.48;170;144;-80;20;103;0.39;198;117;sm
2026-05-07T23:27:29-05:00;-76;20;106;0.64;187;193;-80;20;103;0.4;212;120;sm
2026-05-07T23:32:30-05:00;-76;20;106;0.48;170;145;-80;20;104;0.36;192;107;sm
2026-05-07T23:37:30-05:00;-76;20;105;0.51;178;152;-80;20;105;0.41;214;124;sm
2026-05-07T23:42:31-05:00;-76;20;105;0.47;167;140;-81;19;105;0.36;189;107;sm
2026-05-07T23:47:32-05:00;-76;20;105;0.56;203;169;-80;20;105;0.42;221;126;sm
2026-05-07T23:52:33-05:00;-76;20;105;0.45;164;139;-80;20;105;0.35;184;109;sm
2026-05-07T23:57:34-05:00;-76;20;105;0.54;183;157;-80;20;104;0.53;222;155;sm
